<?xml version="1.0" encoding="UTF-8"?>
<metadata xml:lang="en"><Esri><CreaDate>20150821</CreaDate><CreaTime>16000300</CreaTime><ArcGISFormat>1.0</ArcGISFormat><SyncOnce>TRUE</SyncOnce><DataProperties><lineage><Process ToolSource="c:\program files (x86)\arcgis\desktop10.3\ArcToolbox\Toolboxes\Data Management Tools.tbx\CalculateField" Date="20150602" Time="084536">CalculateField GARY_PARCEL_SURVEY STRUCTURE "No Structure Present" VB #</Process><Process ToolSource="c:\program files (x86)\arcgis\desktop10.3\ArcToolbox\Toolboxes\Data Management Tools.tbx\CalculateField" Date="20150602" Time="084625">CalculateField GARY_PARCEL_SURVEY GRADE "No Structure Present" VB #</Process><Process ToolSource="c:\program files (x86)\arcgis\desktop10.3\ArcToolbox\Toolboxes\Data Management Tools.tbx\CalculateField" Date="20150602" Time="084636">CalculateField GARY_PARCEL_SURVEY OCC_STAT "No Structure Present" VB #</Process><Process ToolSource="c:\program files (x86)\arcgis\desktop10.3\ArcToolbox\Toolboxes\Data Management Tools.tbx\CalculateField" Date="20150602" Time="084651">CalculateField GARY_PARCEL_SURVEY DAMAGE " " VB #</Process><Process ToolSource="c:\program files (x86)\arcgis\desktop10.3\ArcToolbox\Toolboxes\Data Management Tools.tbx\CalculateField" Date="20150602" Time="084658">CalculateField GARY_PARCEL_SURVEY ENCLOSED " " VB #</Process><Process ToolSource="c:\program files (x86)\arcgis\desktop10.3\ArcToolbox\Toolboxes\Data Management Tools.tbx\CalculateField" Date="20150602" Time="084704">CalculateField GARY_PARCEL_SURVEY RES " " VB #</Process><Process ToolSource="c:\program files (x86)\arcgis\desktop10.3\ArcToolbox\Toolboxes\Data Management Tools.tbx\CalculateField" Date="20150602" Time="084710">CalculateField GARY_PARCEL_SURVEY RES_TYPE " " VB #</Process><Process ToolSource="c:\program files (x86)\arcgis\desktop10.3\ArcToolbox\Toolboxes\Data Management Tools.tbx\CalculateField" Date="20150602" Time="084716">CalculateField GARY_PARCEL_SURVEY S_FAM " " VB #</Process><Process ToolSource="c:\program files (x86)\arcgis\desktop10.3\ArcToolbox\Toolboxes\Data Management Tools.tbx\CalculateField" Date="20150602" Time="084723">CalculateField GARY_PARCEL_SURVEY M_FAM " " VB #</Process><Process ToolSource="c:\program files (x86)\arcgis\desktop10.3\ArcToolbox\Toolboxes\Data Management Tools.tbx\CalculateField" Date="20150602" Time="084800">CalculateField GARY_PARCEL_SURVEY COMM " " VB #</Process><Process ToolSource="c:\program files (x86)\arcgis\desktop10.3\ArcToolbox\Toolboxes\Data Management Tools.tbx\CalculateField" Date="20150602" Time="084808">CalculateField GARY_PARCEL_SURVEY PUB_GOV " " VB #</Process><Process ToolSource="c:\program files (x86)\arcgis\desktop10.3\ArcToolbox\Toolboxes\Data Management Tools.tbx\CalculateField" Date="20150602" Time="084818">CalculateField GARY_PARCEL_SURVEY BRICK " " VB #</Process><Process ToolSource="c:\program files (x86)\arcgis\desktop10.3\ArcToolbox\Toolboxes\Data Management Tools.tbx\CalculateField" Date="20150602" Time="084849">CalculateField GARY_PARCEL_SURVEY SIDING " " VB #</Process><Process ToolSource="c:\program files (x86)\arcgis\desktop10.3\ArcToolbox\Toolboxes\Data Management Tools.tbx\CalculateField" Date="20150602" Time="084921">CalculateField GARY_PARCEL_SURVEY STONE " " VB #</Process><Process ToolSource="c:\program files (x86)\arcgis\desktop10.3\ArcToolbox\Toolboxes\Data Management Tools.tbx\CalculateField" Date="20150602" Time="084944">CalculateField GARY_PARCEL_SURVEY WOOD " " VB #</Process><Process ToolSource="c:\program files (x86)\arcgis\desktop10.3\ArcToolbox\Toolboxes\Data Management Tools.tbx\CalculateField" Date="20150602" Time="085036">CalculateField GARY_PARCEL_SURVEY TWO_FLRS " " VB #</Process><Process ToolSource="c:\program files (x86)\arcgis\desktop10.3\ArcToolbox\Toolboxes\Data Management Tools.tbx\CalculateField" Date="20150602" Time="085049">CalculateField GARY_PARCEL_SURVEY BAR_WIN " " VB #</Process><Process ToolSource="c:\program files (x86)\arcgis\desktop10.3\ArcToolbox\Toolboxes\Data Management Tools.tbx\CalculateField" Date="20150602" Time="085056">CalculateField GARY_PARCEL_SURVEY BSMT_WIN " " VB #</Process><Process ToolSource="c:\program files (x86)\arcgis\desktop10.3\ArcToolbox\Toolboxes\Data Management Tools.tbx\CalculateField" Date="20150602" Time="085125">CalculateField GARY_PARCEL_SURVEY ATTACH " " VB #</Process><Process ToolSource="c:\program files (x86)\arcgis\desktop10.3\ArcToolbox\Toolboxes\Data Management Tools.tbx\CalculateField" Date="20150602" Time="085136">CalculateField GARY_PARCEL_SURVEY CON_SLAB " " VB #</Process><Process ToolSource="c:\program files (x86)\arcgis\desktop10.3\ArcToolbox\Toolboxes\Data Management Tools.tbx\CalculateField" Date="20150602" Time="085220">CalculateField GARY_PARCEL_SURVEY OBST_ENT " " VB #</Process><Process ToolSource="c:\program files (x86)\arcgis\desktop10.3\ArcToolbox\Toolboxes\Data Management Tools.tbx\CalculateField" Date="20150602" Time="085244">CalculateField GARY_PARCEL_SURVEY PARKING " " VB #</Process><Process ToolSource="c:\program files (x86)\arcgis\desktop10.3\ArcToolbox\Toolboxes\Data Management Tools.tbx\CalculateField" Date="20150602" Time="085347">CalculateField GARY_PARCEL_SURVEY DUMPING " " VB #</Process><Process ToolSource="c:\program files (x86)\arcgis\desktop10.2\ArcToolbox\Toolboxes\Data Management Tools.tbx\CalculateField" Date="20150602" Time="125958">CalculateField GARY_PARCEL_SURVEY STRUCTURE "No Structure Present" VB #</Process><Process ToolSource="c:\program files (x86)\arcgis\desktop10.2\ArcToolbox\Toolboxes\Data Management Tools.tbx\CalculateField" Date="20150602" Time="130008">CalculateField GARY_PARCEL_SURVEY GRADE "No Structure Present" VB #</Process><Process ToolSource="c:\program files (x86)\arcgis\desktop10.2\ArcToolbox\Toolboxes\Data Management Tools.tbx\CalculateField" Date="20150602" Time="130022">CalculateField GARY_PARCEL_SURVEY OCC_STAT "No Structure Present" VB #</Process><Process ToolSource="c:\program files (x86)\arcgis\desktop10.2\ArcToolbox\Toolboxes\Data Management Tools.tbx\CalculateField" Date="20150602" Time="130047">CalculateField GARY_PARCEL_SURVEY DAMAGE " " VB #</Process><Process ToolSource="c:\program files (x86)\arcgis\desktop10.2\ArcToolbox\Toolboxes\Data Management Tools.tbx\CalculateField" Date="20150602" Time="130108">CalculateField GARY_PARCEL_SURVEY ENCLOSED " " VB #</Process><Process ToolSource="c:\program files (x86)\arcgis\desktop10.2\ArcToolbox\Toolboxes\Data Management Tools.tbx\CalculateField" Date="20150602" Time="130133">CalculateField GARY_PARCEL_SURVEY RES " " VB #</Process><Process ToolSource="c:\program files (x86)\arcgis\desktop10.2\ArcToolbox\Toolboxes\Data Management Tools.tbx\CalculateField" Date="20150602" Time="130138">CalculateField GARY_PARCEL_SURVEY RES_TYPE " " VB #</Process><Process ToolSource="c:\program files (x86)\arcgis\desktop10.2\ArcToolbox\Toolboxes\Data Management Tools.tbx\CalculateField" Date="20150602" Time="130144">CalculateField GARY_PARCEL_SURVEY S_FAM " " VB #</Process><Process ToolSource="c:\program files (x86)\arcgis\desktop10.2\ArcToolbox\Toolboxes\Data Management Tools.tbx\CalculateField" Date="20150602" Time="130150">CalculateField GARY_PARCEL_SURVEY M_FAM " " VB #</Process><Process ToolSource="c:\program files (x86)\arcgis\desktop10.2\ArcToolbox\Toolboxes\Data Management Tools.tbx\CalculateField" Date="20150602" Time="130156">CalculateField GARY_PARCEL_SURVEY COMM " " VB #</Process><Process ToolSource="c:\program files (x86)\arcgis\desktop10.2\ArcToolbox\Toolboxes\Data Management Tools.tbx\CalculateField" Date="20150602" Time="130201">CalculateField GARY_PARCEL_SURVEY PUB_GOV " " VB #</Process><Process ToolSource="c:\program files (x86)\arcgis\desktop10.2\ArcToolbox\Toolboxes\Data Management Tools.tbx\CalculateField" Date="20150602" Time="130315">CalculateField GARY_PARCEL_SURVEY BRICK " " VB #</Process><Process ToolSource="c:\program files (x86)\arcgis\desktop10.2\ArcToolbox\Toolboxes\Data Management Tools.tbx\CalculateField" Date="20150602" Time="130321">CalculateField GARY_PARCEL_SURVEY SIDING " " VB #</Process><Process ToolSource="c:\program files (x86)\arcgis\desktop10.2\ArcToolbox\Toolboxes\Data Management Tools.tbx\CalculateField" Date="20150602" Time="130325">CalculateField GARY_PARCEL_SURVEY STONE " " VB #</Process><Process ToolSource="c:\program files (x86)\arcgis\desktop10.2\ArcToolbox\Toolboxes\Data Management Tools.tbx\CalculateField" Date="20150602" Time="130330">CalculateField GARY_PARCEL_SURVEY WOOD " " VB #</Process><Process ToolSource="c:\program files (x86)\arcgis\desktop10.2\ArcToolbox\Toolboxes\Data Management Tools.tbx\CalculateField" Date="20150602" Time="130339">CalculateField GARY_PARCEL_SURVEY TWO_FLRS " " VB #</Process><Process ToolSource="c:\program files (x86)\arcgis\desktop10.2\ArcToolbox\Toolboxes\Data Management Tools.tbx\CalculateField" Date="20150602" Time="130345">CalculateField GARY_PARCEL_SURVEY BAR_WIN " " VB #</Process><Process ToolSource="c:\program files (x86)\arcgis\desktop10.2\ArcToolbox\Toolboxes\Data Management Tools.tbx\CalculateField" Date="20150602" Time="130352">CalculateField GARY_PARCEL_SURVEY BSMT_WIN " " VB #</Process><Process ToolSource="c:\program files (x86)\arcgis\desktop10.2\ArcToolbox\Toolboxes\Data Management Tools.tbx\CalculateField" Date="20150602" Time="130358">CalculateField GARY_PARCEL_SURVEY DUMPING " " VB #</Process><Process ToolSource="c:\program files (x86)\arcgis\desktop10.2\ArcToolbox\Toolboxes\Data Management Tools.tbx\CalculateField" Date="20150602" Time="130402">CalculateField GARY_PARCEL_SURVEY PARKING " " VB #</Process><Process ToolSource="c:\program files (x86)\arcgis\desktop10.2\ArcToolbox\Toolboxes\Data Management Tools.tbx\CalculateField" Date="20150602" Time="130407">CalculateField GARY_PARCEL_SURVEY OBST_ENT " " VB #</Process><Process ToolSource="c:\program files (x86)\arcgis\desktop10.2\ArcToolbox\Toolboxes\Data Management Tools.tbx\CalculateField" Date="20150602" Time="130411">CalculateField GARY_PARCEL_SURVEY CON_SLAB " " VB #</Process><Process ToolSource="c:\program files (x86)\arcgis\desktop10.2\ArcToolbox\Toolboxes\Data Management Tools.tbx\CalculateField" Date="20150602" Time="130416">CalculateField GARY_PARCEL_SURVEY ATTACH " " VB #</Process><Process ToolSource="c:\program files (x86)\arcgis\desktop10.2\ArcToolbox\Toolboxes\Data Management Tools.tbx\CalculateField" Date="20150602" Time="130649">CalculateField GARY_PARCEL_SURVEY BLDG_SF "0" VB #</Process><Process ToolSource="c:\program files (x86)\arcgis\desktop10.2\ArcToolbox\Toolboxes\Data Management Tools.tbx\CalculateField" Date="20150602" Time="131519">CalculateField GARY_PARCEL_SURVEY BLDG_SF 0 VB #</Process><Process ToolSource="c:\program files (x86)\arcgis\desktop10.2\ArcToolbox\Toolboxes\Data Management Tools.tbx\CalculateField" Date="20150602" Time="131829">CalculateField GARY_PARCEL_SURVEY BLDG_SF "8980.566503" VB #</Process><Process ToolSource="c:\program files (x86)\arcgis\desktop10.2\ArcToolbox\Toolboxes\Data Management Tools.tbx\CalculateField" Date="20150602" Time="131848">CalculateField GARY_PARCEL_SURVEY BLDG_SF "752.957792" VB #</Process><Process ToolSource="c:\program files (x86)\arcgis\desktop10.2\ArcToolbox\Toolboxes\Data Management Tools.tbx\CalculateField" Date="20150602" Time="131939">CalculateField GARY_PARCEL_SURVEY BLDG_SF 0 VB #</Process><Process ToolSource="c:\program files (x86)\arcgis\desktop10.2\ArcToolbox\Toolboxes\Data Management Tools.tbx\CalculateField" Date="20150602" Time="132014">CalculateField GARY_PARCEL_SURVEY BLDG_SF 0 VB #</Process><Process ToolSource="c:\program files (x86)\arcgis\desktop10.2\ArcToolbox\Toolboxes\Data Management Tools.tbx\CalculateField" Date="20150602" Time="132236">CalculateField GARY_PARCEL_SURVEY BLDG_SF 0 VB #</Process><Process ToolSource="c:\program files (x86)\arcgis\desktop10.2\ArcToolbox\Toolboxes\Data Management Tools.tbx\CalculateField" Date="20150602" Time="133339">CalculateField GARY_PARCEL_SURVEY STRUCTURE "Structure Present" VB #</Process><Process ToolSource="c:\program files (x86)\arcgis\desktop10.2\ArcToolbox\Toolboxes\Data Management Tools.tbx\CalculateField" Date="20150602" Time="133348">CalculateField GARY_PARCEL_SURVEY GRADE "Good" VB #</Process><Process ToolSource="c:\program files (x86)\arcgis\desktop10.2\ArcToolbox\Toolboxes\Data Management Tools.tbx\CalculateField" Date="20150602" Time="133414">CalculateField GARY_PARCEL_SURVEY OCC_STAT "Vacant/Abandoned Structure" VB #</Process><Process ToolSource="c:\program files (x86)\arcgis\desktop10.2\ArcToolbox\Toolboxes\Data Management Tools.tbx\CalculateField" Date="20150602" Time="133424">CalculateField GARY_PARCEL_SURVEY COMM "Yes" VB #</Process><Process ToolSource="c:\program files (x86)\arcgis\desktop10.2\ArcToolbox\Toolboxes\Data Management Tools.tbx\CalculateField" Date="20150602" Time="133429">CalculateField GARY_PARCEL_SURVEY SIDING "Yes" VB #</Process><Process ToolSource="c:\program files (x86)\arcgis\desktop10.2\ArcToolbox\Toolboxes\Data Management Tools.tbx\CalculateField" Date="20150602" Time="133443">CalculateField GARY_PARCEL_SURVEY PARKING " " VB #</Process><Process ToolSource="c:\program files (x86)\arcgis\desktop10.2\ArcToolbox\Toolboxes\Data Management Tools.tbx\CalculateField" Date="20150602" Time="133536">CalculateField GARY_PARCEL_SURVEY BLDG_SF 0 VB #</Process><Process ToolSource="c:\program files (x86)\arcgis\desktop10.2\ArcToolbox\Toolboxes\Data Management Tools.tbx\CalculateField" Date="20150602" Time="134103">CalculateField GARY_PARCEL_SURVEY STRUCTURE "Structure Present" VB #</Process><Process ToolSource="c:\program files (x86)\arcgis\desktop10.2\ArcToolbox\Toolboxes\Data Management Tools.tbx\CalculateField" Date="20150602" Time="134115">CalculateField GARY_PARCEL_SURVEY GRADE "Good" VB #</Process><Process ToolSource="c:\program files (x86)\arcgis\desktop10.2\ArcToolbox\Toolboxes\Data Management Tools.tbx\CalculateField" Date="20150602" Time="134128">CalculateField GARY_PARCEL_SURVEY OCC_STAT "Occupied Structure" VB #</Process><Process ToolSource="c:\program files (x86)\arcgis\desktop10.2\ArcToolbox\Toolboxes\Data Management Tools.tbx\CalculateField" Date="20150602" Time="134140">CalculateField GARY_PARCEL_SURVEY COMM "Yes" VB #</Process><Process ToolSource="c:\program files (x86)\arcgis\desktop10.2\ArcToolbox\Toolboxes\Data Management Tools.tbx\CalculateField" Date="20150602" Time="134145">CalculateField GARY_PARCEL_SURVEY SIDING "Yes" VB #</Process><Process ToolSource="c:\program files (x86)\arcgis\desktop10.2\ArcToolbox\Toolboxes\Data Management Tools.tbx\CalculateField" Date="20150602" Time="134156">CalculateField GARY_PARCEL_SURVEY PARKING " " VB #</Process><Process ToolSource="c:\program files (x86)\arcgis\desktop10.2\ArcToolbox\Toolboxes\Data Management Tools.tbx\CalculateField" Date="20150602" Time="134405">CalculateField GARY_PARCEL_SURVEY BLDG_SF 0 VB #</Process><Process ToolSource="c:\program files (x86)\arcgis\desktop10.2\ArcToolbox\Toolboxes\Data Management Tools.tbx\CalculateField" Date="20150602" Time="153039">CalculateField GARY_PARCEL_SURVEY LOT_SF 0 VB #</Process><Process ToolSource="c:\program files (x86)\arcgis\desktop10.3\ArcToolbox\Toolboxes\Data Management Tools.tbx\CalculateField" Date="20150604" Time="164619">CalculateField GARY_PARCEL_SURVEY DEED_OWN " " VB #</Process><Process ToolSource="c:\program files (x86)\arcgis\desktop10.3\ArcToolbox\Toolboxes\Data Management Tools.tbx\CalculateField" Date="20150604" Time="164700">CalculateField GARY_PARCEL_SURVEY MAILING " " VB #</Process><Process ToolSource="c:\program files (x86)\arcgis\desktop10.3\ArcToolbox\Toolboxes\Data Management Tools.tbx\CalculateField" Date="20150604" Time="164733">CalculateField GARY_PARCEL_SURVEY ASSESSED " " VB #</Process><Process ToolSource="c:\program files (x86)\arcgis\desktop10.3\ArcToolbox\Toolboxes\Data Management Tools.tbx\CalculateField" Date="20150604" Time="164753">CalculateField GARY_PARCEL_SURVEY ASSESSED 0 VB #</Process><Process ToolSource="c:\program files (x86)\arcgis\desktop10.3\ArcToolbox\Toolboxes\Data Management Tools.tbx\CalculateField" Date="20150604" Time="164821">CalculateField GARY_PARCEL_SURVEY LOT_SF 0 VB #</Process><Process ToolSource="c:\program files (x86)\arcgis\desktop10.3\ArcToolbox\Toolboxes\Data Management Tools.tbx\CalculateField" Date="20150604" Time="164849">CalculateField GARY_PARCEL_SURVEY BLDG_SF 0 VB #</Process><Process ToolSource="c:\program files (x86)\arcgis\desktop10.3\ArcToolbox\Toolboxes\Data Management Tools.tbx\CalculateField" Date="20150605" Time="162847">CalculateField GARY_PARCEL_SURVEY DEED_OWN "CITY OF GARY" VB #</Process><Process ToolSource="c:\program files (x86)\arcgis\desktop10.3\ArcToolbox\Toolboxes\Data Management Tools.tbx\CalculateField" Date="20150605" Time="162858">CalculateField GARY_PARCEL_SURVEY MAILING "401 BROADWAY" VB #</Process><Process ToolSource="c:\program files (x86)\arcgis\desktop10.3\ArcToolbox\Toolboxes\Data Management Tools.tbx\CalculateField" Date="20150605" Time="162937">CalculateField GARY_PARCEL_SURVEY MAILING "401 BROADWAY" VB #</Process><Process ToolSource="c:\program files (x86)\arcgis\desktop10.3\ArcToolbox\Toolboxes\Data Management Tools.tbx\CalculateField" Date="20150605" Time="162948">CalculateField GARY_PARCEL_SURVEY DEED_OWN "CITY OF GARY" VB #</Process><Process ToolSource="c:\program files (x86)\arcgis\desktop10.3\ArcToolbox\Toolboxes\Data Management Tools.tbx\CalculateField" Date="20150605" Time="163002">CalculateField GARY_PARCEL_SURVEY DEED_OWN "CITY OF GARY" VB #</Process><Process ToolSource="c:\program files (x86)\arcgis\desktop10.3\ArcToolbox\Toolboxes\Data Management Tools.tbx\CalculateField" Date="20150605" Time="163015">CalculateField GARY_PARCEL_SURVEY MAILING "401 BROADWAY" VB #</Process><Process ToolSource="c:\program files (x86)\arcgis\desktop10.3\ArcToolbox\Toolboxes\Data Management Tools.tbx\CalculateField" Date="20150605" Time="163030">CalculateField GARY_PARCEL_SURVEY MAILING "401 BROADWAY" VB #</Process><Process ToolSource="c:\program files (x86)\arcgis\desktop10.3\ArcToolbox\Toolboxes\Data Management Tools.tbx\CalculateField" Date="20150605" Time="163043">CalculateField GARY_PARCEL_SURVEY DEED_OWN "CITY OF GARY" VB #</Process><Process ToolSource="c:\program files (x86)\arcgis\desktop10.2\ArcToolbox\Toolboxes\Data Management Tools.tbx\CalculateField" Date="20150608" Time="101921">CalculateField GARY_PARCEL_SURVEY HHF 1 VB #</Process><Process ToolSource="c:\program files (x86)\arcgis\desktop10.2\ArcToolbox\Toolboxes\Data Management Tools.tbx\CalculateField" Date="20150608" Time="101959">CalculateField GARY_PARCEL_SURVEY HHF 1 VB #</Process><Process ToolSource="c:\program files (x86)\arcgis\desktop10.2\ArcToolbox\Toolboxes\Data Management Tools.tbx\CalculateField" Date="20150608" Time="102030">CalculateField GARY_PARCEL_SURVEY HHF 1 VB #</Process><Process ToolSource="c:\program files (x86)\arcgis\desktop10.2\ArcToolbox\Toolboxes\Data Management Tools.tbx\CalculateField" Date="20150608" Time="102145">CalculateField GARY_PARCEL_SURVEY HHF 0 VB #</Process><Process ToolSource="c:\program files (x86)\arcgis\desktop10.2\ArcToolbox\Toolboxes\Data Management Tools.tbx\CalculateField" Date="20150608" Time="110435">CalculateField GARY_PARCEL_SURVEY DEED_OWN " " VB #</Process><Process ToolSource="c:\program files (x86)\arcgis\desktop10.2\ArcToolbox\Toolboxes\Data Management Tools.tbx\CalculateField" Date="20150608" Time="110442">CalculateField GARY_PARCEL_SURVEY MAILING " " VB #</Process><Process ToolSource="c:\program files (x86)\arcgis\desktop10.2\ArcToolbox\Toolboxes\Data Management Tools.tbx\CalculateField" Date="20150608" Time="110456">CalculateField GARY_PARCEL_SURVEY BLDG_SF " " VB #</Process><Process ToolSource="c:\program files (x86)\arcgis\desktop10.2\ArcToolbox\Toolboxes\Data Management Tools.tbx\CalculateField" Date="20150608" Time="110505">CalculateField GARY_PARCEL_SURVEY BLDG_SF 0 VB #</Process><Process ToolSource="c:\program files (x86)\arcgis\desktop10.2\ArcToolbox\Toolboxes\Data Management Tools.tbx\CalculateField" Date="20150608" Time="110513">CalculateField GARY_PARCEL_SURVEY LOT_SF 0 VB #</Process><Process ToolSource="c:\program files (x86)\arcgis\desktop10.2\ArcToolbox\Toolboxes\Data Management Tools.tbx\CalculateField" Date="20150608" Time="110705">CalculateField GARY_PARCEL_SURVEY DEED_OWN "CITY OF GARY/CARMEUSE LIME, INC." VB #</Process><Process ToolSource="c:\program files (x86)\arcgis\desktop10.2\ArcToolbox\Toolboxes\Data Management Tools.tbx\CalculateField" Date="20150608" Time="112154">CalculateField GARY_PARCEL_SURVEY DEED_OWN " " VB #</Process><Process ToolSource="c:\program files (x86)\arcgis\desktop10.2\ArcToolbox\Toolboxes\Data Management Tools.tbx\CalculateField" Date="20150608" Time="112158">CalculateField GARY_PARCEL_SURVEY MAILING " " VB #</Process><Process ToolSource="c:\program files (x86)\arcgis\desktop10.3\ArcToolbox\Toolboxes\Data Management Tools.tbx\CalculateField" Date="20150610" Time="124322">CalculateField GARY_PARCEL_SURVEY BLDG_SF " " VB #</Process><Process ToolSource="c:\program files (x86)\arcgis\desktop10.3\ArcToolbox\Toolboxes\Data Management Tools.tbx\CalculateField" Date="20150616" Time="163647">CalculateField GARY_PARCEL_SURVEY STRUCTURE "Structure Present" VB #</Process><Process ToolSource="c:\program files (x86)\arcgis\desktop10.3\ArcToolbox\Toolboxes\Data Management Tools.tbx\CalculateField" Date="20150616" Time="163705">CalculateField GARY_PARCEL_SURVEY GRADE "Poor" VB #</Process><Process ToolSource="c:\program files (x86)\arcgis\desktop10.3\ArcToolbox\Toolboxes\Data Management Tools.tbx\CalculateField" Date="20150616" Time="163734">CalculateField GARY_PARCEL_SURVEY OCC_STAT "Vacant/Abandoned Structure" VB #</Process><Process ToolSource="c:\program files (x86)\arcgis\desktop10.3\ArcToolbox\Toolboxes\Data Management Tools.tbx\CalculateField" Date="20150616" Time="163829">CalculateField GARY_PARCEL_SURVEY ENCLOSED "Building Enclosed/Secure" VB #</Process><Process ToolSource="c:\program files (x86)\arcgis\desktop10.3\ArcToolbox\Toolboxes\Data Management Tools.tbx\CalculateField" Date="20150616" Time="163844">CalculateField GARY_PARCEL_SURVEY COMM "Yes" VB #</Process><Process ToolSource="c:\program files (x86)\arcgis\desktop10.3\ArcToolbox\Toolboxes\Data Management Tools.tbx\CalculateField" Date="20150616" Time="163911">CalculateField GARY_PARCEL_SURVEY STONE "Yes" VB #</Process><Process ToolSource="c:\program files (x86)\arcgis\desktop10.3\ArcToolbox\Toolboxes\Data Management Tools.tbx\CalculateField" Date="20150616" Time="163923">CalculateField GARY_PARCEL_SURVEY TWO_FLRS "Yes" VB #</Process><Process ToolSource="c:\program files (x86)\arcgis\desktop10.3\ArcToolbox\Toolboxes\Data Management Tools.tbx\CalculateField" Date="20150616" Time="163932">CalculateField GARY_PARCEL_SURVEY BSMT_WIN "Yes" VB #</Process><Process ToolSource="c:\program files (x86)\arcgis\desktop10.3\ArcToolbox\Toolboxes\Data Management Tools.tbx\CalculateField" Date="20150616" Time="164015">CalculateField GARY_PARCEL_SURVEY PARKING "Parking Lot Present" VB #</Process><Process ToolSource="c:\program files (x86)\arcgis\desktop10.3\ArcToolbox\Toolboxes\Data Management Tools.tbx\CalculateField" Date="20150616" Time="164032">CalculateField GARY_PARCEL_SURVEY COLLECTOR "Steve Broadwell" VB #</Process><Process ToolSource="c:\program files (x86)\arcgis\desktop10.3\ArcToolbox\Toolboxes\Data Management Tools.tbx\CalculateField" Date="20150616" Time="164047">CalculateField GARY_PARCEL_SURVEY DATE "6/16/2015" VB #</Process><Process ToolSource="c:\program files (x86)\arcgis\desktop10.3\ArcToolbox\Toolboxes\Data Management Tools.tbx\CalculateField" Date="20150710" Time="105804">CalculateField GARY_PARCEL_SURVEY DEED_OWN "CITY OF GARY" VB #</Process><Process ToolSource="c:\program files (x86)\arcgis\desktop10.3\ArcToolbox\Toolboxes\Data Management Tools.tbx\CalculateField" Date="20150710" Time="105830">CalculateField GARY_PARCEL_SURVEY MAILING "401 BROADWAY" VB #</Process><Process ToolSource="c:\program files (x86)\arcgis\desktop10.3\ArcToolbox\Toolboxes\Data Management Tools.tbx\CalculateField" Date="20150710" Time="110613">CalculateField GARY_PARCEL_SURVEY HHF 1 VB #</Process><Process ToolSource="c:\program files (x86)\arcgis\desktop10.3\ArcToolbox\Toolboxes\Data Management Tools.tbx\CalculateField" Date="20150710" Time="110956">CalculateField GARY_PARCEL_SURVEY HHF 0 VB #</Process><Process ToolSource="c:\program files (x86)\arcgis\desktop10.3\ArcToolbox\Toolboxes\Data Management Tools.tbx\CalculateField" Date="20150730" Time="121901">CalculateField GARY_PARCEL_SURVEY STRUCTURE "Structure Present" VB #</Process><Process ToolSource="c:\program files (x86)\arcgis\desktop10.3\ArcToolbox\Toolboxes\Data Management Tools.tbx\CalculateField" Date="20150730" Time="121930">CalculateField GARY_PARCEL_SURVEY GRADE "Excellent" VB #</Process><Process ToolSource="c:\program files (x86)\arcgis\desktop10.3\ArcToolbox\Toolboxes\Data Management Tools.tbx\CalculateField" Date="20150730" Time="121941">CalculateField GARY_PARCEL_SURVEY OCC_STAT "Occupied" VB #</Process><Process ToolSource="c:\program files (x86)\arcgis\desktop10.3\ArcToolbox\Toolboxes\Data Management Tools.tbx\CalculateField" Date="20150730" Time="122035">CalculateField GARY_PARCEL_SURVEY PUB_GOV "Yes" VB #</Process><Process ToolSource="c:\program files (x86)\arcgis\desktop10.3\ArcToolbox\Toolboxes\Data Management Tools.tbx\CalculateField" Date="20150730" Time="122111">CalculateField GARY_PARCEL_SURVEY SIDING "Yes" VB #</Process><Process ToolSource="c:\program files (x86)\arcgis\desktop10.3\ArcToolbox\Toolboxes\Data Management Tools.tbx\CalculateField" Date="20150730" Time="122118">CalculateField GARY_PARCEL_SURVEY TWO_FLRS "Yes" VB #</Process><Process ToolSource="c:\program files (x86)\arcgis\desktop10.3\ArcToolbox\Toolboxes\Data Management Tools.tbx\CalculateField" Date="20150730" Time="122134">CalculateField GARY_PARCEL_SURVEY COLLECTOR "Steve Broadwell" VB #</Process><Process ToolSource="c:\program files (x86)\arcgis\desktop10.3\ArcToolbox\Toolboxes\Data Management Tools.tbx\CalculateField" Date="20150730" Time="122148">CalculateField GARY_PARCEL_SURVEY DATE "7/30/15" VB #</Process><Process ToolSource="c:\program files (x86)\arcgis\desktop10.3\ArcToolbox\Toolboxes\Data Management Tools.tbx\CalculateField" Date="20150730" Time="122648">CalculateField "PARCEL STATUS" STRUCTURE "No Structure Present" VB #</Process><Process ToolSource="c:\program files (x86)\arcgis\desktop10.3\ArcToolbox\Toolboxes\Data Management Tools.tbx\CalculateField" Date="20150730" Time="122730">CalculateField "PARCEL STATUS" GRADE "No Structure Present" VB #</Process><Process ToolSource="c:\program files (x86)\arcgis\desktop10.3\ArcToolbox\Toolboxes\Data Management Tools.tbx\CalculateField" Date="20150730" Time="122752">CalculateField "PARCEL STATUS" OCC_STAT "No Structure Present" VB #</Process><Process ToolSource="c:\program files (x86)\arcgis\desktop10.3\ArcToolbox\Toolboxes\Data Management Tools.tbx\CalculateField" Date="20150730" Time="122836">CalculateField "PARCEL STATUS" DAMAGE " " VB #</Process><Process ToolSource="c:\program files (x86)\arcgis\desktop10.3\ArcToolbox\Toolboxes\Data Management Tools.tbx\CalculateField" Date="20150730" Time="122858">CalculateField "PARCEL STATUS" ENCLOSED " " VB #</Process><Process ToolSource="c:\program files (x86)\arcgis\desktop10.3\ArcToolbox\Toolboxes\Data Management Tools.tbx\CalculateField" Date="20150730" Time="122917">CalculateField "PARCEL STATUS" COMM " " VB #</Process><Process ToolSource="c:\program files (x86)\arcgis\desktop10.3\ArcToolbox\Toolboxes\Data Management Tools.tbx\CalculateField" Date="20150730" Time="122942">CalculateField "PARCEL STATUS" BRICK " " VB #</Process><Process ToolSource="c:\program files (x86)\arcgis\desktop10.3\ArcToolbox\Toolboxes\Data Management Tools.tbx\CalculateField" Date="20150730" Time="122949">CalculateField "PARCEL STATUS" TWO_FLRS " " VB #</Process><Process ToolSource="c:\program files (x86)\arcgis\desktop10.3\ArcToolbox\Toolboxes\Data Management Tools.tbx\CalculateField" Date="20150730" Time="122956">CalculateField "PARCEL STATUS" ATTACH " " VB #</Process><Process ToolSource="c:\program files (x86)\arcgis\desktop10.3\ArcToolbox\Toolboxes\Data Management Tools.tbx\CalculateField" Date="20150730" Time="123005">CalculateField "PARCEL STATUS" CON_SLAB " " VB #</Process><Process ToolSource="c:\program files (x86)\arcgis\desktop10.3\ArcToolbox\Toolboxes\Data Management Tools.tbx\CalculateField" Date="20150730" Time="123014">CalculateField "PARCEL STATUS" PARKING "Yes" VB #</Process><Process ToolSource="c:\program files (x86)\arcgis\desktop10.3\ArcToolbox\Toolboxes\Data Management Tools.tbx\CalculateField" Date="20150730" Time="123506">CalculateField "PARCEL STATUS" OCC_STAT "Occupied Structure" VB #</Process><Process ToolSource="c:\program files (x86)\arcgis\desktop10.3\ArcToolbox\Toolboxes\Data Management Tools.tbx\CalculateField" Date="20150821" Time="152904">CalculateField GPS_UPDATES_150826 DEED_OWN "CITY OF GARY" VB #</Process><Process ToolSource="c:\program files (x86)\arcgis\desktop10.3\ArcToolbox\Toolboxes\Data Management Tools.tbx\CalculateField" Date="20150821" Time="152947">CalculateField GPS_UPDATES_150826 MAILING "401 BROADWAY" VB #</Process><Process ToolSource="c:\program files (x86)\arcgis\desktop10.3\ArcToolbox\Toolboxes\Data Management Tools.tbx\CalculateField" Date="20150821" Time="153047">CalculateField GPS_UPDATES_150826 DEED_OWN "CITY OF GARY REDEVELOPMENT COMMISSION" VB #</Process><Process ToolSource="c:\program files (x86)\arcgis\desktop10.3\ArcToolbox\Toolboxes\Data Management Tools.tbx\CalculateField" Date="20150821" Time="153139">CalculateField GPS_UPDATES_150826 MAILING "839 BROADWAY, SUITE 200 S" VB #</Process><Process ToolSource="c:\program files (x86)\arcgis\desktop10.3\ArcToolbox\Toolboxes\Data Management Tools.tbx\CalculateField" Date="20150821" Time="153650">CalculateField GPS_UPDATES_150826 DEED_OWN " " VB #</Process><Process ToolSource="c:\program files (x86)\arcgis\desktop10.3\ArcToolbox\Toolboxes\Data Management Tools.tbx\CalculateField" Date="20150821" Time="153657">CalculateField GPS_UPDATES_150826 MAILING " " VB #</Process></lineage><itemProps><itemLocation><linkage Sync="TRUE">file://\\STEVE\E$\City of Gary\Landbank Data\GIS_Adobe Data\Projects\Gary Parcel Survey\GPS UPDATES\GPS_UPDATES.gdb</linkage><protocol Sync="TRUE">Local Area Network</protocol></itemLocation></itemProps></DataProperties></Esri></metadata>
